<?xml version="1.0" encoding="UTF-8"?>
<project-private xmlns="http://www.netbeans.org/ns/project-private/1">
    <editor-bookmarks xmlns="http://www.netbeans.org/ns/editor-bookmarks/2" lastBookmarkId="0"/>
    <open-files xmlns="http://www.netbeans.org/ns/projectui-open-files/2">
        <group>
            <file>file:/C:/Users/USER/Documents/NetBeansProjects/ps_rent/src/controller/controller.java</file>
            <file>file:/C:/Users/USER/Documents/NetBeansProjects/ps_rent/src/view/view_rent.java</file>
            <file>file:/C:/Users/USER/Documents/NetBeansProjects/ps_rent/src/model/model.java</file>
            <file>file:/C:/Users/USER/Documents/NetBeansProjects/ps_rent/src/koneksi/koneksi.java</file>
            <file>file:/C:/Users/USER/Documents/NetBeansProjects/ps_rent/src/main/main.java</file>
        </group>
    </open-files>
</project-private>
